gene_short_name,term,q_value,estimate
EIF4EBP1,responseNR,2.508e-52,-0.2553418
GAR1,responseNR,1.496e-42,0.469703
RRP15,responseNR,1.44e-30,0.4638133
NOP56,responseNR,6.012e-26,0.248132
RRP12,responseNR,2.736e-22,-0.4245336
NOP14,responseNR,8.610000000000001e-13,0.3011619
DDX18,responseNR,3.0119999999999997e-7,-0.0820319
RRP9,responseNR,6.5e-5,0.2939383
EIF4B,responseNR,9.44e-5,0.0514825
POLDIP3,responseNR,9.24e-4,-0.13913
EEF2K,responseNR,0.00238,0.2886975
PWP2,responseNR,0.0576,-0.1306945
